{"cameraMode":{"drawMode":0,"name":"Shaded","section":"Shading Mode"},"sceneLighting":true,"audioPlay":false,"sceneViewState":{"m_AlwaysRefresh":false,"showFog":true,"showSkybox":true,"showFlares":true,"showImageEffects":true,"showParticleSystems":true,"showVisualEffectGraphs":true,"m_FxEnabled":true},"in2DMode":false,"pivot":{"x":-0.7783479690551758,"y":-15.158914566040039,"z":12.559463500976563},"rotation":{"x":0.048928242176771167,"y":-0.9509832262992859,"z":0.2230682075023651,"w":0.2086520791053772},"size":20.75189971923828,"orthographic":true}