{"cameraMode":{"drawMode":0,"name":"Shaded","section":"Shading Mode"},"sceneLighting":true,"audioPlay":false,"sceneViewState":{"m_AlwaysRefresh":false,"showFog":true,"showSkybox":true,"showFlares":true,"showImageEffects":true,"showParticleSystems":true,"showVisualEffectGraphs":true,"m_FxEnabled":true},"in2DMode":false,"pivot":{"x":-0.6798744201660156,"y":25.63115882873535,"z":-0.07216866314411164},"rotation":{"x":-0.0006011605146341026,"y":0.03749162703752518,"z":0.000016156816855072975,"w":0.9993070363998413},"size":8.175680160522461,"orthographic":true}