{"cameraMode":{"drawMode":0,"name":"Shaded","section":"Shading Mode"},"sceneLighting":true,"audioPlay":false,"sceneViewState":{"m_AlwaysRefresh":false,"showFog":true,"showSkybox":true,"showFlares":true,"showImageEffects":true,"showParticleSystems":true,"showVisualEffectGraphs":true,"m_FxEnabled":true},"in2DMode":false,"pivot":{"x":-1.1045160293579102,"y":-1.7181158065795899,"z":-16.925376892089845},"rotation":{"x":0.12258394807577133,"y":-0.1250091940164566,"z":0.01571834646165371,"w":0.9844889640808106},"size":28.150693893432618,"orthographic":true}