{"cameraMode":{"drawMode":0,"name":"Shaded","section":"Shading Mode"},"sceneLighting":true,"audioPlay":false,"sceneViewState":{"m_AlwaysRefresh":false,"showFog":true,"showSkybox":true,"showFlares":true,"showImageEffects":true,"showParticleSystems":true,"showVisualEffectGraphs":true,"m_FxEnabled":true},"in2DMode":false,"pivot":{"x":-12.653474807739258,"y":9.849613189697266,"z":2.5657691955566408},"rotation":{"x":0.1619558334350586,"y":0.29237261414527895,"z":-0.050276488065719607,"w":0.9411931037902832},"size":2607.502197265625,"orthographic":true}